Team,PG,SG,SF,PF,C,Poss,Diff Rank,Diff,OFFENSE: Pts/Poss Rank,OFFENSE: Pts/Poss,OFFENSE: eFG% Rank,OFFENSE: eFG%,OFFENSE: TOV% Rank,OFFENSE: TOV%,OFFENSE: ORB% Rank,OFFENSE: ORB%,OFFENSE: FT Rate Rank,OFFENSE: FT Rate,DEFENSE: Pts/Poss Rank,DEFENSE: Pts/Poss,DEFENSE: eFG% Rank,DEFENSE: eFG%,DEFENSE: TOV% Rank,DEFENSE: TOV%,DEFENSE: ORB% Rank,DEFENSE: ORB%,DEFENSE: FT Rate Rank,DEFENSE: FT Rate
League Averages,,,,,,,,,,114.3,,54.4%,,14.5%,,28.0%,,19.1,,114.3,,54.4%,,14.5%,,28.0%,,19.1
NYK,Jalen Brunson,Josh Hart,Mikal Bridges,OG Anunoby,Karl-Anthony Towns,1639,54,+5.9,66,120.2,56,57.4%,65,12.9%,52,26.5%,54,18.6,45,114.3,33,55.9%,45,13.7%,53,26.8%,73,13.7
MIN,Mike Conley,Anthony Edwards,Jaden McDaniels,Julius Randle,Rudy Gobert,1057,48,+2.1,38,113.2,51,56.5%,25,16.6%,45,25.5%,46,17.5,59,111.1,41,55.3%,47,13.9%,57,26.1%,85,11.3
SAC,De'Aaron Fox,Malik Monk,DeMar DeRozan,Keegan Murray,Domantas Sabonis,909,46,+1.2,55,117.7,31,54.2%,81,11.2%,46,25.5%,58,19.4,35,116.5,22,57.6%,69,15.6%,60,25.6%,22,20.9
HOU,Fred VanVleet,Jalen Green,Dillon Brooks,Jabari Smith Jr.,Alperen Sengun,857,61,+8.4,33,112.0,10,49.6%,70,12.4%,74,31.3%,59,19.5,78,103.6,65,52.5%,54,14.4%,65,24.8%,66,14.4
IND,Tyrese Haliburton,Andrew Nembhard,Bennedict Mathurin,Pascal Siakam,Myles Turner,833,72,+12.2,51,116.6,62,57.9%,67,12.6%,22,20.9%,59,19.5,77,104.4,67,52.3%,50,14.0%,82,21.9%,69,14.2
MIL,Damian Lillard,Andre Jackson Jr.,Taurean Prince,Giannis Antetokounmpo,Brook Lopez,653,35,-2.2,30,110.9,54,57.1%,39,14.9%,34,23.6%,22,14.3,52,113.0,32,56.0%,38,13.0%,76,22.6%,57,15.8
ATL,Trae Young,Dyson Daniels,Zaccharie Risacher,Jalen Johnson,Clint Capela,623,44,+0.2,31,111.7,44,55.6%,37,14.9%,73,30.8%,16,13.0,57,111.5,29,56.6%,57,14.7%,58,25.8%,76,13.5
LAC,James Harden,Kris Dunn,Norman Powell,Derrick Jones Jr.,Ivica Zubac,600,67,+10.3,44,114.8,52,56.6%,49,14.2%,49,25.8%,53,18.5,76,104.5,60,53.0%,93,18.9%,47,27.5%,62,14.9
DET,Cade Cunningham,Ausar Thompson,Tim Hardaway Jr.,Tobias Harris,Jalen Duren,600,58,+7.0,61,118.8,57,57.4%,29,16.0%,87,34.8%,36,16.3,56,111.9,32,56.0%,66,15.4%,75,22.9%,35,18.9
BOS,Jrue Holiday,Derrick White,Jaylen Brown,Jayson Tatum,Kristaps Porzingis,591,30,-4.0,31,111.5,28,53.6%,79,11.3%,21,20.9%,37,16.4,39,115.5,42,55.0%,39,13.1%,51,27.0%,43,17.9
OKC,Shai Gilgeous-Alexander,Cason Wallace,Luguentz Dort,Jalen Williams,Isaiah Hartenstein,554,78,+15.2,53,117.0,45,55.8%,84,11.0%,54,27.0%,48,18.0,84,101.8,77,50.8%,90,18.2%,44,27.9%,33,19.1
DEN,Jamal Murray,Christian Braun,Michael Porter,Aaron Gordon,Nikola Jokic,553,76,+14.0,81,126.9,77,60.4%,65,12.8%,57,27.5%,75,22.0,52,113.0,48,54.6%,33,12.6%,51,27.1%,68,14.2
CHI,Josh Giddey,Coby White,Zach LaVine,Patrick Williams,Nikola Vucevic,552,32,-3.4,23,108.9,41,55.3%,39,14.7%,27,22.9%,24,14.6,56,112.3,44,54.9%,15,10.8%,80,22.3%,84,11.7
DET,Cade Cunningham,Jaden Ivey,Tim Hardaway Jr.,Tobias Harris,Jalen Duren,530,33,-3.1,64,119.6,73,59.8%,31,15.7%,82,33.2%,30,15.3,14,122.7,10,60.4%,22,11.7%,70,23.8%,60,15.5
DEN,Russell Westbrook,Jamal Murray,Christian Braun,Michael Porter,Nikola Jokic,519,55,+5.9,84,128.3,83,61.4%,76,11.8%,65,29.5%,44,17.2,16,122.5,16,59.1%,20,11.1%,46,27.6%,92,9.8
POR,Anfernee Simons,Toumani Camara,Deni Avdija,Jerami Grant,Deandre Ayton,513,13,-14.1,9,102.9,5,47.9%,51,14.0%,62,28.4%,41,16.9,31,117.1,27,56.9%,48,14.0%,32,29.6%,36,18.6
WAS,Jordan Poole,Carlton Carrington,Bilal Coulibaly,Kyle Kuzma,Alexandre Sarr,464,1,-33.5,1,87.3,1,44.4%,44,14.4%,11,18.2%,10,11.1,21,120.8,17,58.9%,44,13.5%,53,26.7%,40,18.4
NOP,Dejounte Murray,CJ McCollum,Trey Murphy III,Herbert Jones,Yves Missi,460,22,-7.2,43,114.6,40,55.3%,28,16.1%,69,30.0%,56,18.9,16,121.8,17,59.0%,60,14.9%,25,30.7%,18,22.0
BOS,Jrue Holiday,Derrick White,Jaylen Brown,Jayson Tatum,Al Horford,451,82,+19.8,70,122.2,81,61.0%,83,11.1%,14,19.0%,34,16.0,82,102.4,82,48.8%,30,12.3%,65,24.8%,70,14.0
LAL,Austin Reaves,Max Christie,Rui Hachimura,LeBron James,Anthony Davis,425,45,+0.8,22,108.7,37,55.0%,30,15.8%,43,25.3%,56,19.0,68,107.9,55,54.1%,51,14.0%,83,21.7%,86,11.1
HOU,Fred VanVleet,Jalen Green,Amen Thompson,Dillon Brooks,Alperen Sengun,422,24,-6.3,46,115.4,20,52.0%,62,13.0%,54,26.9%,69,20.7,17,121.7,14,59.7%,81,16.8%,5,35.3%,41,18.1
CLE,Darius Garland,Donovan Mitchell,Dean Wade,Evan Mobley,Jarrett Allen,421,53,+5.1,56,117.8,70,59.2%,77,11.6%,29,23.2%,21,13.9,53,112.7,48,54.6%,48,13.9%,34,29.1%,68,14.2
UTA,Keyonte George,Collin Sexton,Lauri Markkanen,John Collins,Walker Kessler,399,65,+9.2,79,126.3,81,61.1%,10,18.5%,97,40.7%,72,21.4,31,117.2,31,56.1%,3,8.5%,91,20.0%,57,15.7
SAC,De'Aaron Fox,Kevin Huerter,DeMar DeRozan,Keegan Murray,Domantas Sabonis,386,62,+8.7,46,115.3,64,58.2%,42,14.5%,33,23.6%,58,19.2,70,106.6,74,51.0%,76,16.1%,46,27.6%,73,13.7
MIA,Tyler Herro,Duncan Robinson,Haywood Highsmith,Jimmy Butler,Bam Adebayo,379,52,+4.8,59,118.5,63,58.2%,62,12.9%,55,27.1%,14,12.6,48,113.7,27,57.1%,28,12.1%,96,18.5%,71,13.9
SAS,Chris Paul,Stephon Castle,Julian Champagnie,Harrison Barnes,Victor Wembanyama,366,73,+12.3,77,124.9,75,59.9%,77,11.7%,40,24.6%,73,21.6,55,112.5,49,54.6%,20,11.4%,62,25.4%,91,10.3
SAS,Chris Paul,Stephon Castle,Devin Vassell,Harrison Barnes,Victor Wembanyama,348,70,+11.3,73,123.9,80,60.6%,87,10.6%,40,24.8%,45,17.3,54,112.5,35,55.8%,19,11.1%,61,25.6%,92,9.8
TOR,Davion Mitchell,Ochai Agbaji,Gradey Dick,RJ Barrett,Jakob Poeltl,347,48,+2.4,61,118.7,28,53.2%,86,10.7%,70,30.2%,55,18.8,35,116.3,57,53.9%,40,13.2%,28,30.1%,15,22.8
LAC,James Harden,Norman Powell,Kawhi Leonard,Derrick Jones Jr.,Ivica Zubac,347,90,+25.7,83,128.2,84,62.3%,74,11.8%,73,30.9%,15,12.9,81,102.6,46,54.7%,80,16.6%,94,19.2%,86,11.1
LAC,James Harden,Terance Mann,Norman Powell,Derrick Jones Jr.,Ivica Zubac,337,16,-10.7,32,111.9,16,51.1%,30,15.7%,81,33.1%,61,19.7,15,122.6,7,62.5%,41,13.4%,93,19.6%,45,17.6
MIN,Anthony Edwards,Donte DiVincenzo,Jaden McDaniels,Julius Randle,Rudy Gobert,336,25,-6.1,34,112.2,34,54.8%,27,16.4%,88,34.9%,34,16.0,29,118.3,61,52.9%,26,12.0%,20,31.2%,68,14.3
DET,Cade Cunningham,Malik Beasley,Tim Hardaway Jr.,Tobias Harris,Jalen Duren,335,34,-2.7,52,116.7,54,57.1%,36,15.2%,29,23.2%,86,24.4,24,119.5,12,59.9%,49,14.0%,86,21.2%,44,17.7
MIL,Damian Lillard,Gary Trent Jr.,Taurean Prince,Giannis Antetokounmpo,Brook Lopez,328,34,-2.9,58,118.3,70,59.2%,79,11.3%,2,14.0%,96,27.7,18,121.1,34,55.9%,11,10.3%,56,26.3%,16,22.4
SAC,Keon Ellis,Malik Monk,DeMar DeRozan,Keegan Murray,Domantas Sabonis,326,81,+19.2,83,127.9,42,55.4%,78,11.3%,75,31.5%,63,19.9,64,108.7,75,51.0%,34,12.7%,56,26.3%,59,15.6
CLE,Darius Garland,Donovan Mitchell,Isaac Okoro,Evan Mobley,Jarrett Allen,319,66,+9.8,76,124.8,90,63.1%,60,13.2%,47,25.5%,26,14.9,42,114.9,34,55.9%,56,14.6%,48,27.3%,51,16.7
DEN,Jamal Murray,Christian Braun,Peyton Watson,Michael Porter,Nikola Jokic,312,69,+11.0,89,129.5,89,63.1%,74,11.9%,79,32.3%,42,17.0,28,118.4,39,55.5%,17,11.0%,47,27.5%,87,11.0
LAC,James Harden,Kris Dunn,Amir Coffey,Derrick Jones Jr.,Ivica Zubac,310,54,+5.4,29,110.6,33,54.8%,16,17.7%,68,29.9%,41,16.9,73,105.2,69,51.7%,70,15.6%,84,21.5%,56,15.9
ORL,Jalen Suggs,Kentavious Caldwell-Pope,Franz Wagner,Tristan daSilva,Goga Bitadze,300,41,-0.7,24,109.3,16,51.3%,40,14.7%,65,29.4%,43,17.1,61,110.0,55,53.9%,54,14.3%,78,22.5%,18,22.0
MEM,Ja Morant,Desmond Bane,Jaylen Wells,Jaren Jackson,Zach Edey,291,96,+33.7,90,130.2,67,58.4%,70,12.4%,88,34.8%,90,25.5,92,96.6,85,48.6%,78,16.4%,79,22.3%,37,18.6
POR,Anfernee Simons,Shaedon Sharpe,Toumani Camara,Jerami Grant,Deandre Ayton,283,2,-31.3,2,93.6,3,46.2%,6,19.1%,41,25.0%,12,12.3,9,124.9,4,63.6%,16,10.9%,81,22.1%,77,13.4
SAS,Chris Paul,Devin Vassell,Jeremy Sochan,Harrison Barnes,Victor Wembanyama,280,79,+15.7,50,116.4,59,57.5%,68,12.5%,23,21.4%,51,18.3,88,100.7,89,47.9%,22,11.7%,49,27.2%,89,10.9
POR,Anfernee Simons,Shaedon Sharpe,Toumani Camara,Deni Avdija,Deandre Ayton,274,47,+1.5,45,115.0,71,59.4%,34,15.3%,28,23.1%,35,16.3,51,113.4,71,51.4%,47,13.8%,29,29.9%,48,16.9
TOR,Davion Mitchell,Gradey Dick,RJ Barrett,Scottie Barnes,Jakob Poeltl,261,32,-3.3,28,110.3,41,55.3%,26,16.5%,56,27.3%,39,16.8,49,113.6,24,57.5%,58,14.8%,68,24.2%,21,21.3
MIN,Anthony Edwards,Donte DiVincenzo,Nickeil Alexander-Walker,Julius Randle,Naz Reid,261,84,+22.3,96,136.8,92,63.8%,93,10.0%,37,24.2%,62,19.8,44,114.4,62,52.8%,63,15.2%,22,30.8%,26,19.9
PHX,Tyus Jones,Devin Booker,Bradley Beal,Kevin Durant,Jusuf Nurkic,254,9,-17.8,16,105.5,60,57.6%,40,14.6%,0,10.4%,4,8.8,14,123.3,20,58.2%,23,11.9%,35,29.1%,19,21.7
SAC,Malik Monk,DeMar DeRozan,Zach LaVine,Keegan Murray,Domantas Sabonis,253,39,-1.4,65,119.8,50,56.5%,47,14.2%,64,28.8%,54,18.6,19,121.1,26,57.3%,0,6.4%,90,20.5%,26,19.8
MIL,Damian Lillard,AJ Green,Gary Trent Jr.,Bobby Portis,Brook Lopez,250,83,+20.4,72,122.8,82,61.4%,69,12.4%,17,19.6%,22,14.3,83,102.4,84,48.7%,10,10.0%,73,23.1%,52,16.4
MIA,Terry Rozier,Tyler Herro,Jaime Jaquez Jr.,Haywood Highsmith,Bam Adebayo,248,11,-16.5,3,98.0,4,46.6%,68,12.5%,20,20.6%,51,18.3,43,114.5,43,54.9%,65,15.3%,12,33.1%,95,9.0
DEN,Russell Westbrook,Christian Braun,Michael Porter,Aaron Gordon,Nikola Jokic,246,88,+24.7,95,132.5,95,65.1%,24,16.7%,96,39.2%,61,19.7,68,107.8,63,52.6%,69,15.6%,21,31.0%,90,10.6
DAL,Luka Doncic,Kyrie Irving,Klay Thompson,PJ Washington,Dereck Lively II,246,89,+25.6,91,130.5,78,60.4%,76,11.8%,90,35.6%,30,15.3,75,104.9,66,52.3%,84,17.1%,26,30.6%,53,16.4
NYK,Jalen Brunson,Josh Hart,Mikal Bridges,Precious Achiuwa,Karl-Anthony Towns,235,56,+6.0,70,122.1,27,53.1%,21,17.0%,97,41.0%,72,21.3,36,116.1,21,58.0%,52,14.0%,39,28.6%,55,16.0
ATL,Trae Young,Dyson Daniels,DeAndre Hunter,Jalen Johnson,Clint Capela,233,75,+13.3,41,114.2,18,51.7%,86,10.7%,78,31.9%,95,27.3,85,100.9,67,52.3%,94,19.3%,66,24.6%,67,14.4
NYK,Jalen Brunson,Josh Hart,Mikal Bridges,OG Anunoby,Jericho Sims,228,26,-5.5,19,107.0,12,50.7%,42,14.5%,82,33.3%,14,12.6,55,112.5,26,57.1%,53,14.3%,69,24.1%,62,14.8
MEM,Ja Morant,Desmond Bane,Jaylen Wells,Brandon Clarke,Jaren Jackson,227,55,+5.9,65,119.8,72,59.6%,17,17.6%,79,32.3%,94,27.1,47,113.9,52,54.4%,59,14.8%,35,29.1%,39,18.4
CHI,Coby White,Ayo Dosunmu,Zach LaVine,Patrick Williams,Nikola Vucevic,227,40,-1.0,36,112.8,31,54.3%,55,13.7%,10,17.8%,80,22.8,48,113.7,66,52.4%,4,8.6%,69,24.0%,78,13.3
CHI,Josh Giddey,Coby White,Ayo Dosunmu,Zach LaVine,Nikola Vucevic,226,35,-2.1,66,120.4,90,63.2%,59,13.3%,12,18.8%,28,15.0,15,122.5,22,57.7%,2,7.9%,83,21.7%,44,17.7
LAL,D'Angelo Russell,Austin Reaves,Rui Hachimura,LeBron James,Anthony Davis,225,64,+8.9,32,112.0,19,51.8%,48,14.2%,65,29.5%,84,23.7,79,103.1,77,50.7%,49,14.0%,62,25.4%,74,13.7
MIN,Anthony Edwards,Nickeil Alexander-Walker,Jaden McDaniels,Julius Randle,Rudy Gobert,223,68,+10.8,40,113.9,22,52.2%,46,14.3%,71,30.3%,80,22.9,79,103.1,73,51.0%,72,15.9%,48,27.3%,49,16.8
DEN,Russell Westbrook,Christian Braun,Peyton Watson,Michael Porter,Nikola Jokic,223,59,+7.4,71,122.4,95,64.9%,20,17.0%,44,25.3%,83,23.6,41,115.0,44,54.8%,78,16.3%,26,30.5%,48,16.9
WAS,Jordan Poole,Carlton Carrington,Kyshawn George,Bilal Coulibaly,Alexandre Sarr,216,18,-10.2,5,99.1,6,48.2%,71,12.0%,30,23.3%,39,16.8,63,109.3,69,51.6%,61,14.9%,17,32.1%,27,19.8
IND,Tyrese Haliburton,Quenton Jackson,Bennedict Mathurin,Pascal Siakam,Myles Turner,214,29,-4.9,47,115.9,54,57.1%,12,18.2%,76,31.6%,68,20.7,20,120.8,24,57.4%,26,12.0%,52,26.9%,39,18.4
IND,Tyrese Haliburton,Ben Sheppard,Bennedict Mathurin,Pascal Siakam,Myles Turner,210,26,-5.8,35,112.4,26,53.0%,90,10.5%,32,23.5%,15,13.0,29,118.2,70,51.5%,14,10.5%,23,30.7%,31,19.3
CLE,Darius Garland,Donovan Mitchell,Max Strus,Evan Mobley,Jarrett Allen,210,95,+32.8,84,128.6,97,66.2%,24,16.7%,81,32.9%,42,17.0,94,95.7,84,48.6%,35,12.8%,96,18.3%,72,13.7
MIN,Mike Conley,Anthony Edwards,Jaden McDaniels,Naz Reid,Rudy Gobert,209,90,+26.3,87,129.2,43,55.6%,64,12.9%,91,36.2%,64,19.9,80,102.9,71,51.4%,66,15.4%,88,21.0%,47,17.3
BKN,Dennis Schroder,Cameron Thomas,Cameron Johnson,Dorian Finney-Smith,Nicolas Claxton,206,79,+16.6,69,121.4,52,56.6%,50,14.1%,46,25.5%,65,20.2,76,104.7,60,53.1%,83,17.0%,24,30.7%,31,19.2
SAS,Chris Paul,Julian Champagnie,Jeremy Sochan,Harrison Barnes,Victor Wembanyama,206,28,-5.0,11,104.4,15,51.1%,26,16.5%,70,30.2%,33,15.9,62,109.4,79,49.7%,23,11.8%,49,27.2%,59,15.5
ATL,Trae Young,Dyson Daniels,DeAndre Hunter,Jalen Johnson,Onyeka Okongwu,205,63,+8.8,85,128.8,61,57.6%,7,19.0%,95,38.9%,100,40.0,22,120.0,46,54.7%,35,12.9%,10,33.7%,11,23.6
NYK,Jalen Brunson,Josh Hart,Mikal Bridges,OG Anunoby,Precious Achiuwa,203,22,-7.2,30,111.3,38,55.1%,23,16.7%,67,29.7%,86,24.4,27,118.5,16,59.0%,74,16.0%,61,25.6%,6,25.9
BKN,Ben Simmons,Dennis Schroder,Cameron Thomas,Cameron Johnson,Dorian Finney-Smith,201,30,-4.5,28,110.4,56,57.3%,19,17.4%,6,16.3%,67,20.6,42,114.9,30,56.5%,72,15.9%,13,33.0%,9,23.7
NOP,Dejounte Murray,CJ McCollum,Javonte Green,Trey Murphy III,Yves Missi,200,43,-0.0,47,116.0,12,50.7%,72,12.0%,84,33.9%,23,14.5,36,116.0,49,54.5%,87,17.5%,6,34.7%,38,18.6
DAL,Luka Doncic,Kyrie Irving,Klay Thompson,PJ Washington,Daniel Gafford,194,23,-6.9,38,112.9,32,54.3%,64,12.9%,55,27.1%,53,18.5,23,119.8,28,56.7%,32,12.5%,43,28.0%,12,23.4
LAC,James Harden,Norman Powell,Amir Coffey,Derrick Jones Jr.,Ivica Zubac,191,59,+7.0,58,118.3,91,63.3%,0,25.1%,83,33.8%,95,27.2,58,111.3,68,51.9%,31,12.3%,73,23.2%,0,31.9
MIA,Terry Rozier,Tyler Herro,Jimmy Butler,Nikola Jovic,Bam Adebayo,190,7,-19.1,13,104.7,9,49.1%,67,12.6%,53,26.7%,70,21.0,11,123.8,20,58.3%,16,10.9%,19,31.5%,24,20.0
MIN,Mike Conley,Donte DiVincenzo,Nickeil Alexander-Walker,Naz Reid,Rudy Gobert,190,92,+28.8,59,118.4,71,59.5%,54,13.7%,62,28.4%,57,19.0,98,89.6,96,45.1%,76,16.1%,44,27.8%,91,10.4
WAS,Carlton Carrington,Kyshawn George,Corey Kispert,Kyle Kuzma,Jonas Valanciunas,188,3,-24.5,26,109.6,57,57.4%,9,18.6%,43,25.3%,49,18.1,5,134.1,14,59.7%,3,8.1%,39,28.7%,4,27.1
WAS,Jordan Poole,Carlton Carrington,Bilal Coulibaly,Justin Champagnie,Alexandre Sarr,188,40,-0.7,36,112.8,59,57.6%,21,17.0%,32,23.5%,3,8.1,50,113.5,58,53.4%,9,9.8%,28,30.0%,46,17.4
DET,Cade Cunningham,Malik Beasley,Simone Fontecchio,Ron Holland II,Isaiah Stewart,188,46,+1.0,9,103.2,6,48.0%,82,11.2%,45,25.5%,46,17.4,84,102.2,83,48.7%,56,14.7%,70,23.9%,22,20.8
MIN,Anthony Edwards,Donte DiVincenzo,Nickeil Alexander-Walker,Naz Reid,Rudy Gobert,187,74,+13.0,18,107.0,69,58.9%,12,18.2%,5,15.9%,20,13.8,96,94.0,81,49.3%,93,19.2%,99,14.6%,54,16.1
MIA,Tyler Herro,Duncan Robinson,Haywood Highsmith,Bam Adebayo,Kel'el Ware,185,39,-1.2,17,106.5,68,58.7%,7,18.9%,15,19.2%,31,15.4,69,107.7,76,50.9%,9,9.8%,78,22.4%,83,12.1
PHX,Tyus Jones,Devin Booker,Ryan Dunn,Kevin Durant,Mason Plumlee,181,91,+28.0,48,116.0,29,53.8%,78,11.6%,58,27.5%,32,15.8,99,88.0,99,42.3%,89,18.0%,15,32.4%,85,11.3
TOR,Immanuel Quickley,Gradey Dick,RJ Barrett,Scottie Barnes,Jakob Poeltl,180,19,-9.0,12,104.4,26,53.0%,82,11.1%,31,23.4%,4,8.5,49,113.5,15,59.2%,51,14.0%,95,18.8%,65,14.5
WAS,Jordan Poole,Kyshawn George,Bilal Coulibaly,Corey Kispert,Jonas Valanciunas,178,71,+11.9,85,128.7,61,57.8%,56,13.5%,58,27.5%,94,26.7,32,116.8,50,54.4%,32,12.4%,36,29.0%,34,18.9
ORL,Jalen Suggs,Kentavious Caldwell-Pope,Franz Wagner,Paolo Banchero,Wendell Carter,175,21,-7.2,8,101.7,8,48.3%,61,13.1%,19,20.4%,76,22.0,64,108.9,54,54.1%,42,13.4%,97,18.1%,8,24.5
DEN,Russell Westbrook,Jamal Murray,Michael Porter,Aaron Gordon,Nikola Jokic,170,85,+22.5,97,137.6,87,62.7%,81,11.2%,96,39.4%,67,20.5,41,115.1,41,55.2%,21,11.6%,89,20.7%,46,17.4
DET,Cade Cunningham,Jaden Ivey,Tim Hardaway Jr.,Tobias Harris,Isaiah Stewart,169,44,+0.7,64,119.5,51,56.6%,96,8.9%,26,22.6%,19,13.8,26,118.8,80,49.7%,7,9.7%,33,29.6%,17,22.1
MIL,Damian Lillard,Gary Trent Jr.,Taurean Prince,Bobby Portis,Brook Lopez,167,50,+3.7,67,120.4,73,59.7%,46,14.4%,26,22.5%,69,20.8,33,116.7,58,53.6%,19,11.1%,21,31.0%,96,7.9
DAL,Kyrie Irving,Spencer Dinwiddie,Klay Thompson,PJ Washington,Daniel Gafford,167,83,+20.1,89,129.9,72,59.6%,32,15.6%,94,38.0%,57,19.1,61,109.8,95,45.9%,7,9.8%,17,31.7%,76,13.5
BOS,Payton Pritchard,Jayson Tatum,Sam Hauser,Al Horford,Luke Kornet,166,64,+8.9,42,114.5,7,48.3%,66,12.7%,90,36.2%,11,11.9,72,105.6,88,48.0%,68,15.5%,23,30.8%,56,15.8
MIN,Anthony Edwards,Nickeil Alexander-Walker,Jaden McDaniels,Naz Reid,Rudy Gobert,166,16,-11.2,27,110.2,29,53.9%,17,17.5%,68,29.9%,13,12.5,18,121.4,12,59.7%,77,16.1%,31,29.7%,10,23.6
CLE,Darius Garland,Donovan Mitchell,Caris LeVert,Evan Mobley,Jarrett Allen,166,86,+22.9,86,128.9,83,61.8%,3,20.5%,94,38.4%,81,23.0,71,106.0,78,50.7%,80,16.8%,18,31.6%,12,23.2
CHI,Josh Giddey,Lonzo Ball,Zach LaVine,Patrick Williams,Nikola Vucevic,165,72,+12.1,54,117.6,82,61.3%,66,12.7%,14,18.9%,1,6.7,72,105.5,87,48.1%,62,15.2%,5,34.7%,82,12.5
IND,Tyrese Haliburton,Andrew Nembhard,Aaron Nesmith,Pascal Siakam,Myles Turner,164,51,+4.1,43,114.6,49,56.5%,52,14.0%,3,14.9%,77,22.3,60,110.5,83,48.7%,36,12.9%,3,35.6%,6,25.8
CLE,Donovan Mitchell,Caris LeVert,Sam Merrill,Georges Niang,Evan Mobley,164,98,+36.5,88,129.3,88,62.8%,57,13.4%,9,17.5%,68,20.7,98,92.8,98,42.7%,86,17.4%,52,26.9%,47,17.2
ORL,Jalen Suggs,Kentavious Caldwell-Pope,Tristan daSilva,Goga Bitadze,Wendell Carter,162,49,+2.5,14,104.9,14,51.0%,5,19.1%,91,36.6%,8,10.6,82,102.5,40,55.4%,99,22.1%,59,25.8%,19,21.7
CHA,LaMelo Ball,Josh Green,Brandon Miller,Miles Bridges,Mark Williams,161,56,+6.1,62,119.3,36,55.0%,100,7.5%,38,24.2%,5,9.3,51,113.1,28,56.7%,24,11.9%,94,19.5%,63,14.8
DET,Marcus Sasser,Malik Beasley,Simone Fontecchio,Ron Holland II,Isaiah Stewart,161,6,-20.6,26,109.9,60,57.6%,9,18.6%,44,25.4%,62,19.8,6,130.6,40,55.4%,27,12.1%,20,31.2%,3,29.3
HOU,Jalen Green,Amen Thompson,Dillon Brooks,Tari Eason,Alperen Sengun,160,77,+14.6,93,131.3,86,62.5%,80,11.2%,53,26.7%,40,16.9,33,116.7,64,52.6%,60,14.9%,1,38.4%,14,22.9
GSW,Stephen Curry,Lindy Waters,Andrew Wiggins,Draymond Green,Trayce Jackson-Davis,159,68,+10.5,79,125.8,88,62.8%,43,14.5%,59,27.6%,17,13.1,40,115.2,51,54.4%,5,9.1%,72,23.2%,28,19.7
GSW,Dennis Schroder,Stephen Curry,Andrew Wiggins,Draymond Green,Trayce Jackson-Davis,157,18,-9.5,2,96.8,10,50.4%,35,15.3%,48,25.6%,1,6.3,70,106.3,38,55.6%,55,14.6%,88,20.8%,99,6.3
DET,Jaden Ivey,Malik Beasley,Simone Fontecchio,Ron Holland II,Isaiah Stewart,156,17,-10.7,37,112.8,36,55.0%,10,18.6%,92,36.8%,32,15.7,12,123.5,15,59.6%,12,10.5%,97,18.1%,58,15.7
SAC,De'Aaron Fox,Keon Ellis,DeMar DeRozan,Keegan Murray,Domantas Sabonis,156,80,+18.0,95,132.7,76,60.2%,94,9.6%,92,37.2%,32,15.8,43,114.6,19,58.3%,41,13.4%,57,26.0%,28,19.7
CLE,Donovan Mitchell,Ty Jerome,Sam Merrill,Georges Niang,Evan Mobley,155,20,-8.1,17,105.8,2,45.7%,99,7.7%,35,23.7%,38,16.4,47,113.9,36,55.7%,71,15.8%,67,24.3%,4,27.5
CLE,Donovan Mitchell,Max Strus,Caris LeVert,Georges Niang,Evan Mobley,152,2,-26.2,6,99.3,9,48.9%,42,14.5%,4,15.4%,27,14.9,7,125.5,29,56.6%,18,11.0%,53,26.7%,79,13.2
SAC,De'Aaron Fox,Keon Ellis,Malik Monk,DeMar DeRozan,Domantas Sabonis,151,73,+12.5,82,127.8,85,62.3%,88,10.6%,23,21.3%,85,23.8,39,115.3,35,55.8%,86,17.3%,16,32.4%,16,22.5
NYK,Cameron Payne,Miles McBride,Josh Hart,Mikal Bridges,Karl-Anthony Towns,150,85,+22.7,93,131.3,85,62.3%,72,12.0%,71,30.3%,83,23.1,65,108.6,52,54.3%,88,17.9%,54,26.5%,38,18.6
MIL,Damian Lillard,AJ Green,Taurean Prince,Giannis Antetokounmpo,Brook Lopez,150,93,+29.1,73,123.3,65,58.3%,58,13.3%,20,20.5%,78,22.6,95,94.2,100,41.8%,5,9.0%,90,20.7%,23,20.7
LAC,James Harden,Kris Dunn,Norman Powell,Kawhi Leonard,Ivica Zubac,149,42,-0.2,35,112.8,42,55.3%,34,15.4%,48,25.7%,47,17.6,53,112.9,30,56.2%,53,14.3%,64,25.0%,93,9.6
ATL,Trae Young,Dyson Daniels,Bogdan Bogdanovic,DeAndre Hunter,Onyeka Okongwu,149,31,-3.7,69,121.5,14,51.0%,49,14.1%,99,43.0%,47,17.9,8,125.2,5,63.0%,64,15.2%,84,21.5%,10,23.6
HOU,Fred VanVleet,Jalen Green,Amen Thompson,Jabari Smith Jr.,Alperen Sengun,148,37,-2.0,80,126.4,34,54.8%,85,10.8%,100,45.7%,9,11.0,7,128.4,10,60.4%,6,9.5%,71,23.6%,61,15.0
PHI,Tyrese Maxey,Eric Gordon,Kelly Oubre,Guerschon Yabusele,Justin Edwards,148,12,-14.4,27,110.1,44,55.6%,55,13.5%,15,19.2%,7,10.4,10,124.5,3,64.4%,97,21.1%,3,36.0%,5,26.3
PHI,Tyrese Maxey,Caleb Martin,Kelly Oubre,Paul George,Guerschon Yabusele,148,89,+25.0,90,130.4,58,57.5%,95,9.5%,77,31.8%,35,16.3,73,105.4,45,54.8%,88,17.6%,59,25.7%,50,16.8
IND,Tyrese Haliburton,Andrew Nembhard,Bennedict Mathurin,Obi Toppin,Myles Turner,147,51,+3.7,49,116.3,33,54.7%,63,12.9%,31,23.3%,88,25.2,54,112.6,91,47.5%,14,10.5%,10,33.3%,33,19.0
MEM,Scotty Pippen,Desmond Bane,Jaylen Wells,Brandon Clarke,Jaren Jackson,147,20,-8.9,16,105.4,27,53.1%,32,15.6%,64,28.9%,11,12.2,44,114.4,31,56.2%,46,13.7%,24,30.7%,94,9.5
PHX,Tyus Jones,Devin Booker,Royce O'Neale,Kevin Durant,Jusuf Nurkic,147,97,+33.9,92,130.6,97,65.9%,71,12.2%,3,14.5%,18,13.6,91,96.7,94,46.4%,25,11.9%,95,19.0%,80,13.0
ORL,Jalen Suggs,Kentavious Caldwell-Pope,Franz Wagner,Goga Bitadze,Wendell Carter,146,96,+33.5,88,129.5,96,65.6%,11,18.5%,85,34.0%,84,23.8,92,96.0,47,54.7%,99,22.0%,86,21.2%,75,13.6
WAS,Carlton Carrington,Malcolm Brogdon,Kyshawn George,Corey Kispert,Jonas Valanciunas,145,27,-5.2,42,114.5,39,55.1%,19,17.2%,61,28.4%,60,19.5,23,119.7,19,58.5%,21,11.6%,80,22.2%,82,12.5
BOS,Jrue Holiday,Derrick White,Jaylen Brown,Jayson Tatum,Luke Kornet,143,62,+8.5,10,104.2,13,50.8%,23,16.8%,76,31.6%,25,14.7,94,95.7,88,48.0%,95,20.1%,19,31.5%,94,9.5
OKC,Shai Gilgeous-Alexander,Cason Wallace,Luguentz Dort,Jalen Williams,Chet Holmgren,143,60,+7.7,21,108.4,43,55.5%,89,10.5%,1,13.8%,9,11.0,88,100.7,95,45.9%,77,16.1%,22,30.9%,58,15.7
OKC,Shai Gilgeous-Alexander,Luguentz Dort,Aaron Wiggins,Jalen Williams,Isaiah Hartenstein,142,92,+28.9,82,127.5,74,59.8%,80,11.3%,59,27.9%,79,22.8,90,98.6,56,53.9%,95,19.7%,92,19.7%,71,13.9
POR,Scoot Henderson,Shaedon Sharpe,Toumani Camara,Deni Avdija,Deandre Ayton,141,69,+11.1,78,125.5,68,58.6%,27,16.3%,77,31.7%,74,21.9,44,114.4,4,63.6%,97,21.2%,38,28.8%,67,14.4
LAL,Austin Reaves,Cameron Reddish,Rui Hachimura,LeBron James,Anthony Davis,141,14,-12.8,29,110.6,62,57.8%,48,14.2%,24,22.2%,12,12.3,13,123.4,37,55.7%,43,13.5%,4,35.5%,81,12.9
DET,Cade Cunningham,Malik Beasley,Tim Hardaway Jr.,Tobias Harris,Isaiah Stewart,141,70,+11.3,33,112.1,47,56.3%,16,17.7%,4,15.6%,65,20.2,87,100.7,93,46.7%,29,12.2%,72,23.3%,21,21.1
PHI,Tyrese Maxey,Eric Gordon,Kelly Oubre,Paul George,Guerschon Yabusele,139,43,0.0,51,116.5,65,58.3%,13,18.0%,22,21.0%,85,24.3,34,116.5,53,54.2%,46,13.7%,9,33.8%,60,15.2
POR,Scoot Henderson,Anfernee Simons,Toumani Camara,Deni Avdija,Deandre Ayton,136,74,+12.7,67,120.6,11,50.4%,33,15.4%,86,34.2%,97,29.9,67,107.9,18,58.6%,98,21.6%,41,28.0%,7,25.7
PHX,Tyus Jones,Devin Booker,Ryan Dunn,Kevin Durant,Nick Richards,136,24,-6.2,44,114.7,48,56.4%,22,16.9%,89,34.9%,60,19.5,20,120.9,70,51.4%,12,10.4%,8,34.2%,64,14.5
NYK,Jalen Brunson,Miles McBride,Mikal Bridges,OG Anunoby,Jericho Sims,136,84,+22.1,71,122.8,55,57.3%,52,14.0%,61,28.4%,64,20.2,86,100.7,96,45.5%,82,16.9%,41,28.0%,20,21.3
TOR,Ja'Kobe Walter,Ochai Agbaji,RJ Barrett,Scottie Barnes,Jakob Poeltl,136,82,+19.8,71,122.8,89,62.9%,28,16.2%,84,33.9%,18,13.3,80,103.0,93,46.7%,40,13.3%,79,22.4%,29,19.5
MIN,Anthony Edwards,Nickeil Alexander-Walker,Jaden McDaniels,Julius Randle,Naz Reid,133,14,-13.8,15,105.3,7,48.3%,36,15.0%,78,31.9%,88,25.2,26,119.0,61,52.9%,43,13.5%,39,28.6%,41,18.0
ATL,Kobe Bufkin,Bogdan Bogdanovic,DeAndre Hunter,Jalen Johnson,Onyeka Okongwu,132,31,-3.7,20,107.6,19,51.7%,18,17.4%,51,26.2%,74,21.7,58,111.3,47,54.7%,79,16.5%,36,29.0%,54,16.1
TOR,Ochai Agbaji,Gradey Dick,RJ Barrett,Scottie Barnes,Jakob Poeltl,132,8,-19.1,6,99.2,49,56.5%,1,21.2%,41,25.0%,3,8.3,28,118.3,42,55.1%,15,10.7%,91,20.0%,17,22.0
CLE,Darius Garland,Caris LeVert,Sam Merrill,Georges Niang,Jarrett Allen,132,53,+5.3,86,128.8,92,64.0%,93,9.8%,13,18.9%,89,25.2,12,123.5,11,60.3%,62,15.2%,34,29.3%,20,21.6
MIN,Donte DiVincenzo,Nickeil Alexander-Walker,Josh Minott,Julius Randle,Naz Reid,132,87,+23.7,81,127.3,93,64.2%,18,17.4%,30,23.2%,45,17.2,78,103.6,90,47.6%,45,13.6%,63,25.3%,15,22.6
OKC,Shai Gilgeous-Alexander,Isaiah Joe,Luguentz Dort,Jalen Williams,Isaiah Hartenstein,131,86,+22.9,68,120.6,45,55.7%,95,9.2%,24,22.2%,49,18.0,91,97.7,91,47.3%,55,14.5%,77,22.5%,29,19.6
WAS,Jordan Poole,Kyshawn George,Bilal Coulibaly,Kyle Kuzma,Jonas Valanciunas,131,1,-31.8,1,88.5,0,39.0%,35,15.3%,50,25.9%,66,20.3,21,120.3,11,59.9%,52,14.1%,93,19.6%,34,18.9
SAS,Chris Paul,De'Aaron Fox,Devin Vassell,Harrison Barnes,Victor Wembanyama,130,38,-1.7,55,117.7,38,55.0%,92,10.0%,49,25.8%,52,18.5,24,119.4,9,61.7%,67,15.5%,16,32.2%,99,5.0
CHA,LaMelo Ball,Nick Smith Jr.,Josh Green,Miles Bridges,Mark Williams,129,15,-11.6,24,109.3,21,52.2%,60,13.2%,72,30.4%,50,18.3,19,120.9,23,57.6%,31,12.4%,68,24.2%,55,16.0
DET,Cade Cunningham,Jaden Ivey,Malik Beasley,Tobias Harris,Jalen Duren,128,81,+19.4,53,117.2,64,58.3%,14,18.0%,72,30.5%,76,22.0,90,97.8,91,47.3%,68,15.6%,85,21.4%,13,23.2
SAS,Tre Jones,Stephon Castle,Julian Champagnie,Keldon Johnson,Victor Wembanyama,127,78,+15.0,54,117.3,30,54.1%,75,11.8%,7,16.4%,92,26.1,83,102.3,98,42.7%,65,15.3%,9,33.8%,45,17.7
MIA,Terry Rozier,Tyler Herro,Haywood Highsmith,Nikola Jovic,Bam Adebayo,126,66,+9.6,39,113.5,11,50.4%,47,14.3%,74,31.0%,93,26.5,77,103.9,82,48.8%,57,14.7%,44,27.8%,93,9.6
CHI,Josh Giddey,Coby White,Ayo Dosunmu,Matas Buzelis,Nikola Vucevic,126,0,-37.0,4,98.4,22,52.3%,11,18.3%,11,18.0%,6,10.1,4,135.4,5,63.1%,18,11.0%,0,38.6%,30,19.5
NYK,Jalen Brunson,Miles McBride,Josh Hart,Mikal Bridges,Karl-Anthony Towns,125,80,+18.8,96,134.4,67,58.5%,90,10.4%,34,23.6%,99,33.0,38,115.6,45,54.8%,79,16.4%,10,33.3%,2,31.4
ORL,Cole Anthony,Kentavious Caldwell-Pope,Caleb Houstan,Tristan daSilva,Goga Bitadze,125,42,-0.0,7,100.8,2,45.7%,90,10.4%,60,28.0%,2,7.0,86,100.8,90,47.9%,85,17.2%,6,34.7%,97,7.6
CHI,Josh Giddey,Coby White,Ayo Dosunmu,Patrick Williams,Nikola Vucevic,125,3,-25.1,39,113.6,66,58.3%,90,10.4%,17,19.3%,26,14.8,1,138.7,1,68.1%,27,12.1%,15,32.6%,49,16.8
OKC,Shai Gilgeous-Alexander,Cason Wallace,Isaiah Joe,Luguentz Dort,Jalen Williams,124,93,+29.9,62,119.4,35,54.9%,97,8.9%,18,20.0%,77,22.1,99,89.4,99,42.1%,96,20.3%,55,26.4%,7,25.7
CHA,LaMelo Ball,Josh Green,Brandon Miller,Miles Bridges,Grant Williams,124,27,-5.4,92,130.6,99,68.6%,41,14.5%,10,18.0%,44,17.1,3,136.1,1,71.2%,58,14.8%,76,22.7%,61,15.1
BKN,Ben Simmons,Keon Johnson,Cameron Johnson,Noah Clowney,Nicolas Claxton,123,9,-17.3,19,107.3,22,52.3%,20,17.1%,67,29.7%,51,18.3,10,124.6,6,62.7%,92,18.9%,4,35.3%,42,17.9
MIN,Anthony Edwards,Donte DiVincenzo,Jaden McDaniels,Julius Randle,Naz Reid,123,36,-2.1,40,113.8,17,51.3%,88,10.6%,18,20.3%,78,22.3,38,115.9,36,55.8%,71,15.9%,27,30.4%,95,9.1
MIN,Anthony Edwards,Donte DiVincenzo,Jaden McDaniels,Naz Reid,Rudy Gobert,122,57,+6.9,49,116.4,32,54.4%,1,23.0%,93,37.3%,39,16.8,62,109.4,59,53.3%,85,17.3%,33,29.5%,9,24.3
LAC,James Harden,Kris Dunn,Norman Powell,Amir Coffey,Ivica Zubac,121,99,+47.7,99,143.0,98,68.3%,31,15.7%,52,26.5%,81,22.9,95,95.3,93,47.2%,98,21.3%,27,30.3%,27,19.8
MIA,Terry Rozier,Tyler Herro,Haywood Highsmith,Kevin Love,Bam Adebayo,121,28,-5.0,3,97.5,4,46.8%,38,14.9%,51,26.2%,18,13.6,81,102.5,86,48.1%,61,15.0%,71,23.4%,35,18.7
CHA,Vasilije Micic,Seth Curry,Josh Green,Miles Bridges,Mark Williams,119,45,+0.8,23,109.2,20,51.8%,57,13.4%,21,20.6%,23,14.5,65,108.4,76,50.9%,42,13.4%,41,28.1%,66,14.4
CHI,Josh Giddey,Ayo Dosunmu,Zach LaVine,Patrick Williams,Nikola Vucevic,118,12,-15.9,11,104.2,46,55.8%,45,14.4%,7,16.7%,48,17.9,22,120.2,33,55.9%,90,18.3%,14,32.7%,43,17.8
WAS,Jordan Poole,Kyshawn George,Bilal Coulibaly,Corey Kispert,Alexandre Sarr,118,71,+11.6,63,119.5,79,60.4%,8,18.6%,39,24.5%,91,26.0,67,107.9,85,48.5%,30,12.3%,30,29.8%,11,23.5
CHI,Josh Giddey,Ayo Dosunmu,Zach LaVine,Julian Phillips,Nikola Vucevic,117,52,+4.8,74,123.9,100,71.3%,2,20.5%,28,23.1%,66,20.2,25,119.1,65,52.6%,1,7.0%,64,25.0%,71,13.9
DAL,Luka Doncic,Kyrie Irving,Naji Marshall,Klay Thompson,Daniel Gafford,117,41,-0.6,56,117.9,86,62.5%,73,12.0%,7,16.7%,55,18.8,27,118.6,51,54.4%,1,7.1%,58,25.8%,96,8.8
NYK,Jalen Brunson,Miles McBride,Mikal Bridges,OG Anunoby,Precious Achiuwa,117,77,+14.6,78,125.6,24,52.8%,82,11.1%,56,27.4%,96,29.4,60,111.0,54,54.1%,92,18.6%,18,31.7%,88,10.9
PHI,Tyrese Maxey,Caleb Martin,Kelly Oubre,Paul George,Joel Embiid,117,17,-10.6,7,100.9,5,47.8%,54,13.7%,19,20.4%,98,32.6,57,111.5,23,57.5%,100,26.5%,2,38.2%,87,11.0
HOU,Fred VanVleet,Amen Thompson,Dillon Brooks,Jabari Smith Jr.,Alperen Sengun,116,94,+31.1,77,125.0,78,60.4%,92,10.3%,15,19.2%,79,22.8,97,93.9,97,43.3%,96,20.2%,39,28.6%,8,24.7
MIN,Mike Conley,Anthony Edwards,Jaden McDaniels,Julius Randle,Naz Reid,116,36,-2.1,34,112.1,30,54.1%,53,13.8%,7,16.7%,87,24.5,46,114.2,39,55.6%,94,19.5%,55,26.4%,32,19.2
MEM,Luke Kennard,Desmond Bane,Jaylen Wells,Jaren Jackson,Zach Edey,114,33,-3.3,94,132.5,94,64.3%,51,14.0%,93,37.8%,29,15.2,3,135.7,2,66.7%,8,9.8%,67,24.5%,97,7.4
DEN,Russell Westbrook,Christian Braun,Julian Strawther,Michael Porter,Nikola Jokic,114,100,+50.0,100,150.0,76,60.2%,98,7.9%,98,41.1%,89,25.4,89,100.0,80,49.5%,91,18.4%,36,29.0%,89,10.6
DEN,Jamal Murray,Christian Braun,Julian Strawther,Aaron Gordon,Nikola Jokic,114,88,+24.1,98,142.1,94,64.4%,38,14.9%,98,42.2%,98,31.7,30,118.0,57,53.8%,33,12.6%,50,27.1%,24,20.0
NYK,Jalen Brunson,Miles McBride,Josh Hart,OG Anunoby,Karl-Anthony Towns,114,99,+40.4,98,141.2,84,62.1%,89,10.5%,24,22.0%,92,26.2,85,100.8,25,57.4%,82,16.9%,82,21.8%,90,10.5
MIA,Terry Rozier,Tyler Herro,Jaime Jaquez Jr.,Nikola Jovic,Kel'el Ware,113,7,-19.4,52,116.8,23,52.7%,94,9.7%,27,23.0%,10,11.5,2,136.2,7,62.2%,6,9.5%,10,33.3%,42,18.0
WAS,Carlton Carrington,Kyshawn George,Bilal Coulibaly,Corey Kispert,Alexandre Sarr,113,5,-21.9,60,118.6,77,60.2%,69,12.4%,6,16.0%,35,16.3,0,140.5,12,59.7%,11,10.3%,2,36.8%,1,31.5
MIL,AJ Green,Gary Trent Jr.,Khris Middleton,Giannis Antetokounmpo,Bobby Portis,112,97,+34.1,97,141.1,96,65.3%,96,8.9%,2,14.0%,97,30.6,69,107.0,74,51.0%,59,14.8%,76,22.6%,36,18.6
ATL,Trae Young,Dyson Daniels,Zaccharie Risacher,DeAndre Hunter,Onyeka Okongwu,112,21,-7.8,74,124.1,98,67.0%,14,17.9%,63,28.6%,20,13.8,5,131.9,0,72.2%,72,15.9%,98,17.6%,5,26.1
BOS,Jrue Holiday,Derrick White,Jaylen Brown,Al Horford,Kristaps Porzingis,112,29,-4.5,8,101.8,17,51.5%,58,13.4%,5,15.8%,15,13.0,71,106.3,79,50.5%,44,13.5%,89,20.7%,64,14.7
UTA,Keyonte George,Collin Sexton,Lauri Markkanen,John Collins,Kyle Filipowski,111,15,-12.2,48,116.2,79,60.4%,44,14.4%,36,23.9%,70,20.9,6,128.4,2,66.1%,70,15.6%,73,23.1%,3,28.7
PHX,Tyus Jones,Devin Booker,Bradley Beal,Royce O'Neale,Mason Plumlee,111,4,-23.1,41,114.4,53,56.9%,44,14.4%,9,17.0%,71,21.3,1,137.5,6,62.6%,8,9.8%,14,32.7%,23,20.6
TOR,Davion Mitchell,Ochai Agbaji,RJ Barrett,Scottie Barnes,Jakob Poeltl,110,95,+33.2,57,118.2,69,58.9%,33,15.5%,41,25.0%,71,21.1,100,85.0,97,43.7%,72,15.9%,91,20.3%,74,13.7
LAC,Kris Dunn,Kevin Porter,Amir Coffey,Nicolas Batum,Ivica Zubac,109,61,+8.3,21,108.3,58,57.5%,5,19.3%,80,32.7%,0,3.0,89,100.0,62,52.7%,91,18.5%,99,15.4%,79,13.2
NOP,Dejounte Murray,CJ McCollum,Trey Murphy III,Zion Williamson,Yves Missi,108,76,+13.7,91,130.6,74,59.8%,98,8.3%,38,24.4%,99,33.7,32,116.8,43,54.9%,81,16.8%,0,38.6%,81,12.7
ORL,Cole Anthony,Kentavious Caldwell-Pope,Franz Wagner,Paolo Banchero,Goga Bitadze,108,67,+10.0,10,103.7,15,51.0%,53,13.9%,36,24.1%,24,14.6,97,93.7,81,48.9%,89,18.0%,81,22.0%,24,20.5
SAC,Keon Ellis,Malik Monk,Kevin Huerter,Trey Lyles,Domantas Sabonis,107,10,-16.5,60,118.7,25,52.8%,61,13.1%,82,33.3%,29,15.1,4,135.2,8,62.1%,84,17.1%,30,29.8%,32,19.2
POR,Scoot Henderson,Shaedon Sharpe,Toumani Camara,Jerami Grant,Deandre Ayton,107,58,+7.0,45,115.0,24,52.7%,8,18.7%,99,44.2%,90,25.5,66,107.9,72,51.2%,36,12.9%,98,17.8%,2,30.5
TOR,Davion Mitchell,Ochai Agbaji,Gradey Dick,Scottie Barnes,Jakob Poeltl,107,19,-9.5,12,104.7,21,52.1%,4,19.6%,89,35.2%,26,14.9,46,114.2,78,50.5%,29,12.3%,35,29.1%,1,31.9
BKN,D'Angelo Russell,Keon Johnson,Ziaire Williams,Jalen Wilson,Nicolas Claxton,106,38,-1.8,25,109.4,47,55.9%,59,13.2%,15,19.2%,21,14.0,59,111.2,68,51.9%,28,12.1%,28,30.0%,84,11.7
WAS,Carlton Carrington,Kyshawn George,Bilal Coulibaly,Corey Kispert,Jonas Valanciunas,105,8,-19.0,57,118.1,80,60.7%,3,20.0%,47,25.6%,93,26.2,2,137.1,3,64.6%,13,10.5%,8,34.1%,53,16.2
DET,Jaden Ivey,Malik Beasley,Tim Hardaway Jr.,Tobias Harris,Jalen Duren,105,6,-20.0,14,104.8,18,51.7%,6,19.0%,69,30.0%,82,23.0,9,124.8,18,58.8%,24,11.9%,6,34.7%,98,6.9
CHI,Josh Giddey,Coby White,Lonzo Ball,Ayo Dosunmu,Nikola Vucevic,104,11,-16.1,20,107.7,35,54.9%,56,13.5%,33,23.5%,17,13.2,11,123.8,9,61.5%,17,10.9%,43,27.9%,98,7.3
WAS,Jordan Poole,Carlton Carrington,Kyshawn George,Bilal Coulibaly,Richaun Holmes,103,23,-6.5,22,108.7,46,55.9%,41,14.6%,34,23.6%,2,7.4,40,115.2,64,52.6%,64,15.2%,7,34.5%,14,23.2
IND,Tyrese Haliburton,Andrew Nembhard,Bennedict Mathurin,Pascal Siakam,Thomas Bryant,103,60,+7.8,75,124.3,66,58.3%,99,7.8%,80,32.6%,91,25.6,34,116.5,38,55.7%,67,15.5%,30,29.8%,30,19.3
NYK,Cameron Payne,Miles McBride,Mikal Bridges,OG Anunoby,Karl-Anthony Towns,102,98,+39.1,99,144.1,93,64.0%,97,8.8%,86,34.6%,6,10.3,74,105.0,72,51.1%,37,13.0%,87,21.2%,65,14.4
BKN,D'Angelo Russell,Keon Johnson,Ziaire Williams,Cameron Johnson,Nicolas Claxton,101,4,-22.9,0,85.1,1,40.1%,15,17.8%,84,33.9%,5,9.4,66,108.1,56,53.9%,39,13.1%,74,22.9%,83,12.2
BOS,Payton Pritchard,Derrick White,Jayson Tatum,Sam Hauser,Luke Kornet,101,91,+28.8,76,124.8,53,56.9%,85,10.9%,39,24.5%,8,10.9,92,96.0,89,47.9%,74,16.0%,66,24.6%,100,4.2
HOU,Jalen Green,Amen Thompson,Dillon Brooks,Jabari Smith Jr.,Alperen Sengun,101,65,+9.0,15,105.0,3,46.2%,29,15.8%,95,38.9%,73,21.5,93,95.9,86,48.2%,10,10.2%,100,9.8%,70,14.1
LAL,Austin Reaves,Max Christie,Dorian Finney-Smith,LeBron James,Anthony Davis,101,94,+32.6,80,126.7,99,70.5%,15,17.8%,1,12.5%,82,23.1,96,94.2,92,47.2%,34,12.6%,85,21.4%,78,13.3
LAL,Austin Reaves,Max Christie,Rui Hachimura,LeBron James,Jaxson Hayes,100,57,+6.5,94,132.0,91,63.4%,84,11.0%,66,29.5%,28,15.1,8,125.5,21,57.7%,4,8.8%,41,28.0%,52,16.5
POR,Scoot Henderson,Shaedon Sharpe,Toumani Camara,Jerami Grant,Donovan Clingan,100,10,-17.0,4,99.0,39,55.1%,3,20.0%,11,18.2%,38,16.7,37,116.0,59,53.2%,37,13.0%,10,33.3%,40,18.3
DEN,Russell Westbrook,Jamal Murray,Christian Braun,Michael Porter,DeAndre Jordan,100,47,+2.0,18,107.0,48,56.3%,2,21.0%,41,25.0%,7,10.3,74,105.0,73,51.1%,83,17.0%,32,29.6%,80,13.0
MIA,Tyler Herro,Jaime Jaquez Jr.,Duncan Robinson,Haywood Highsmith,Bam Adebayo,100,5,-22.6,4,99.0,7,48.3%,22,17.0%,60,28.3%,43,17.0,17,121.6,53,54.1%,2,7.2%,44,27.8%,77,13.4
OKC,Shai Gilgeous-Alexander,Isaiah Joe,Luguentz Dort,Jalen Williams,Chet Holmgren,100,49,+3.0,68,121.0,40,55.2%,72,12.0%,57,27.5%,31,15.5,30,118.0,8,61.9%,74,16.0%,60,25.6%,51,16.7